portfolioName(string),index(int option),yearMonth(date),ret(float)
Mine,1,2000-02-01T00:00:00.0000000,0.0680903730744726
Mine,2,2000-02-01T00:00:00.0000000,-0.023340972447669972
Mine,3,2000-02-01T00:00:00.0000000,-0.023504318580928413
Mine,1,2000-03-01T00:00:00.0000000,0.07759656811206976
Mine,2,2000-03-01T00:00:00.0000000,0.0794562206822144
Mine,3,2000-03-01T00:00:00.0000000,0.08645743985613241
Mine,1,2000-04-01T00:00:00.0000000,-0.09933679399442988
Mine,2,2000-04-01T00:00:00.0000000,-0.014773755595013911
Mine,3,2000-04-01T00:00:00.0000000,-0.021817835230565925
Mine,1,2000-05-01T00:00:00.0000000,-0.06857417733106812
Mine,2,2000-05-01T00:00:00.0000000,-0.014280922455682212
Mine,3,2000-05-01T00:00:00.0000000,-0.019123300276005156
Mine,1,2000-06-01T00:00:00.0000000,0.07901734337429318
Mine,2,2000-06-01T00:00:00.0000000,-9.926050060348347E-05
Mine,3,2000-06-01T00:00:00.0000000,0.01977595130606883
Mine,1,2000-07-01T00:00:00.0000000,-0.026849421982606276
Mine,2,2000-07-01T00:00:00.0000000,-0.01128862639615005
Mine,3,2000-07-01T00:00:00.0000000,-0.007338738561068258
Mine,1,2000-08-01T00:00:00.0000000,0.0602607178586226
Mine,2,2000-08-01T00:00:00.0000000,0.07849858911726876
Mine,3,2000-08-01T00:00:00.0000000,0.051435141607042704
Mine,1,2000-09-01T00:00:00.0000000,-0.10588316475171217
Mine,2,2000-09-01T00:00:00.0000000,-0.03839215053601034
Mine,3,2000-09-01T00:00:00.0000000,-0.0243684835157265
Mine,1,2000-10-01T00:00:00.0000000,-0.026107852182305318
Mine,2,2000-10-01T00:00:00.0000000,-0.009262083539062984
Mine,3,2000-10-01T00:00:00.0000000,-0.005789266880537124
Mine,1,2000-11-01T00:00:00.0000000,-0.1291657654321049
Mine,2,2000-11-01T00:00:00.0000000,-0.07003119869196503
Mine,3,2000-11-01T00:00:00.0000000,-0.06367011981415341
Mine,1,2000-12-01T00:00:00.0000000,-0.026956162315983467
Mine,2,2000-12-01T00:00:00.0000000,0.027029928502723972
Mine,3,2000-12-01T00:00:00.0000000,0.020217764611072633
Mine,1,2001-01-01T00:00:00.0000000,0.07014343224345795
Mine,2,2001-01-01T00:00:00.0000000,0.010795269770749532
Mine,3,2001-01-01T00:00:00.0000000,0.013362691792733474
Mine,1,2001-02-01T00:00:00.0000000,-0.11433211411458902
Mine,2,2001-02-01T00:00:00.0000000,-0.09013156183765429
Mine,3,2001-02-01T00:00:00.0000000,-0.06555946468968485
Mine,1,2001-03-01T00:00:00.0000000,-0.09160123751079069
Mine,2,2001-03-01T00:00:00.0000000,-0.05826038290278642
Mine,3,2001-03-01T00:00:00.0000000,-0.05713319087090783
Mine,1,2001-04-01T00:00:00.0000000,0.08695222164491431
Mine,2,2001-04-01T00:00:00.0000000,0.062005444572689306
Mine,3,2001-04-01T00:00:00.0000000,0.07707751381335848
Mine,1,2001-05-01T00:00:00.0000000,0.012245303444607683
Mine,2,2001-05-01T00:00:00.0000000,0.00854248838668686
Mine,3,2001-05-01T00:00:00.0000000,0.0006059003815233124
Mine,1,2001-06-01T00:00:00.0000000,-0.032405176380317084
Mine,2,2001-06-01T00:00:00.0000000,-0.018017002361452795
Mine,3,2001-06-01T00:00:00.0000000,-0.01764171970953355
Mine,1,2001-07-01T00:00:00.0000000,-0.026639597025883897
Mine,2,2001-07-01T00:00:00.0000000,-0.018631404858917892
Mine,3,2001-07-01T00:00:00.0000000,-0.005892003176924909
Mine,1,2001-08-01T00:00:00.0000000,-0.06627933281665502
Mine,2,2001-08-01T00:00:00.0000000,-0.05395402353225729
Mine,3,2001-08-01T00:00:00.0000000,-0.06430436555316066
Mine,1,2001-09-01T00:00:00.0000000,-0.10514838364566179
Mine,2,2001-09-01T00:00:00.0000000,-0.09714176305782998
Mine,3,2001-09-01T00:00:00.0000000,-0.07275866409125306
Mine,1,2001-10-01T00:00:00.0000000,0.03448991696007574
Mine,2,2001-10-01T00:00:00.0000000,0.01756047745188473
Mine,3,2001-10-01T00:00:00.0000000,0.02034762393322441
Mine,1,2001-11-01T00:00:00.0000000,0.09696708598433487
Mine,2,2001-11-01T00:00:00.0000000,0.07752654404568449
Mine,3,2001-11-01T00:00:00.0000000,0.06077273607830095
Mine,1,2001-12-01T00:00:00.0000000,0.0066208352916831414
Mine,2,2001-12-01T00:00:00.0000000,0.012388930596810142
Mine,3,2001-12-01T00:00:00.0000000,0.020726766374557667
Mine,1,2002-01-01T00:00:00.0000000,-0.006274241965174264
Mine,2,2002-01-01T00:00:00.0000000,-0.014108991834372711
Mine,3,2002-01-01T00:00:00.0000000,-0.02016728954672179
Mine,1,2002-02-01T00:00:00.0000000,-0.0501732070855623
Mine,2,2002-02-01T00:00:00.0000000,-0.009569670836699976
Mine,3,2002-02-01T00:00:00.0000000,-0.006048355086657459
Mine,1,2002-03-01T00:00:00.0000000,0.05000621505896644
Mine,2,2002-03-01T00:00:00.0000000,0.05227250798309058
Mine,3,2002-03-01T00:00:00.0000000,0.029711287794943
Mine,1,2002-04-01T00:00:00.0000000,-0.06239090588669626
Mine,2,2002-04-01T00:00:00.0000000,-0.03480652550084012
Mine,3,2002-04-01T00:00:00.0000000,-0.05985478335644624
Mine,1,2002-05-01T00:00:00.0000000,-0.012591205247801562
Mine,2,2002-05-01T00:00:00.0000000,-0.0038857833327158257
Mine,3,2002-05-01T00:00:00.0000000,-0.017747514877222474
Mine,1,2002-06-01T00:00:00.0000000,-0.09898058026413749
Mine,2,2002-06-01T00:00:00.0000000,-0.07317641345532098
Mine,3,2002-06-01T00:00:00.0000000,-0.05102029435482176
Mine,1,2002-07-01T00:00:00.0000000,-0.10188135000533231
Mine,2,2002-07-01T00:00:00.0000000,-0.08694897718141675
Mine,3,2002-07-01T00:00:00.0000000,-0.06121790749308301
Mine,1,2002-08-01T00:00:00.0000000,-0.008029867556951842
Mine,2,2002-08-01T00:00:00.0000000,0.013722925178945466
Mine,3,2002-08-01T00:00:00.0000000,0.010166284698936946
Mine,1,2002-09-01T00:00:00.0000000,-0.11935210356761163
Mine,2,2002-09-01T00:00:00.0000000,-0.09554240797047081
Mine,3,2002-09-01T00:00:00.0000000,-0.09794908717600144
Mine,1,2002-10-01T00:00:00.0000000,0.11934909182890378
Mine,2,2002-10-01T00:00:00.0000000,0.0619655075501937
Mine,3,2002-10-01T00:00:00.0000000,0.06263463576371364
Mine,1,2002-11-01T00:00:00.0000000,0.10697535723381893
Mine,2,2002-11-01T00:00:00.0000000,0.05129689046170727
Mine,3,2002-11-01T00:00:00.0000000,0.02697708762033491
Mine,1,2002-12-01T00:00:00.0000000,-0.08686806518994665
Mine,2,2002-12-01T00:00:00.0000000,-0.046867443553027056
Mine,3,2002-12-01T00:00:00.0000000,-0.041119113932149204
Mine,1,2003-01-01T00:00:00.0000000,-0.03141225229645668
Mine,2,2003-01-01T00:00:00.0000000,-0.027841162399576142
Mine,3,2003-01-01T00:00:00.0000000,-0.017621579006393533
Mine,1,2003-02-01T00:00:00.0000000,-0.001729353505651092
Mine,2,2003-02-01T00:00:00.0000000,-0.03217677786999965
Mine,3,2003-02-01T00:00:00.0000000,-0.00952726896141781
Mine,1,2003-03-01T00:00:00.0000000,-0.004398150071073808
Mine,2,2003-03-01T00:00:00.0000000,0.004304913201808698
Mine,3,2003-03-01T00:00:00.0000000,0.024139834589768327
Mine,1,2003-04-01T00:00:00.0000000,0.08815430673350924
Mine,2,2003-04-01T00:00:00.0000000,0.08936824355791104
Mine,3,2003-04-01T00:00:00.0000000,0.067453988254204
Mine,1,2003-05-01T00:00:00.0000000,0.07678299647086012
Mine,2,2003-05-01T00:00:00.0000000,0.05843642320296052
Mine,3,2003-05-01T00:00:00.0000000,0.04655150971587283
Mine,1,2003-06-01T00:00:00.0000000,0.017245867479005663
Mine,2,2003-06-01T00:00:00.0000000,0.007969805872225223
Mine,3,2003-06-01T00:00:00.0000000,0.02288600470220963
Mine,1,2003-07-01T00:00:00.0000000,0.03441186033151777
Mine,2,2003-07-01T00:00:00.0000000,0.015423145892250727
Mine,3,2003-07-01T00:00:00.0000000,0.017298729937325244
Mine,1,2003-08-01T00:00:00.0000000,0.033156334128897416
Mine,2,2003-08-01T00:00:00.0000000,0.021831225963504564
Mine,3,2003-08-01T00:00:00.0000000,0.020176381209921664
Mine,1,2003-09-01T00:00:00.0000000,-0.019661301824671094
Mine,2,2003-09-01T00:00:00.0000000,-0.007805024803841701
Mine,3,2003-09-01T00:00:00.0000000,-0.010690133919538491
Mine,1,2003-10-01T00:00:00.0000000,0.07058602100727393
Mine,2,2003-10-01T00:00:00.0000000,0.05383708552233388
Mine,3,2003-10-01T00:00:00.0000000,0.06217771272442655
Mine,1,2003-11-01T00:00:00.0000000,0.024690321518840215
Mine,2,2003-11-01T00:00:00.0000000,0.0033110362733325916
Mine,3,2003-11-01T00:00:00.0000000,0.020563285970681675
Mine,1,2003-12-01T00:00:00.0000000,0.04389044164229136
Mine,2,2003-12-01T00:00:00.0000000,0.04948859600876838
Mine,3,2003-12-01T00:00:00.0000000,0.04074105527376842
Mine,1,2004-01-01T00:00:00.0000000,0.021462794440878587
Mine,2,2004-01-01T00:00:00.0000000,0.02311340607245691
Mine,3,2004-01-01T00:00:00.0000000,0.010595003425581565
Mine,1,2004-02-01T00:00:00.0000000,0.00015824464472937567
Mine,2,2004-02-01T00:00:00.0000000,0.021185564840238924
Mine,3,2004-02-01T00:00:00.0000000,0.02110042342954306
Mine,1,2004-03-01T00:00:00.0000000,-0.025522541921842536
Mine,2,2004-03-01T00:00:00.0000000,-0.01400612323854576
Mine,3,2004-03-01T00:00:00.0000000,0.004057069210241833
Mine,1,2004-04-01T00:00:00.0000000,-0.022402641292079806
Mine,2,2004-04-01T00:00:00.0000000,-0.020528757203165604
Mine,3,2004-04-01T00:00:00.0000000,-0.0185631757493676
Mine,1,2004-05-01T00:00:00.0000000,0.009996769724791237
Mine,2,2004-05-01T00:00:00.0000000,0.009173963728784349
Mine,3,2004-05-01T00:00:00.0000000,0.021139038115790026
Mine,1,2004-06-01T00:00:00.0000000,0.02396473268322938
Mine,2,2004-06-01T00:00:00.0000000,0.017718336259381726
Mine,3,2004-06-01T00:00:00.0000000,0.01975044327117467
Mine,1,2004-07-01T00:00:00.0000000,-0.04999491839776449
Mine,2,2004-07-01T00:00:00.0000000,-0.03546475966734289
Mine,3,2004-07-01T00:00:00.0000000,-0.02999078759104513
Mine,1,2004-08-01T00:00:00.0000000,-0.012738832314721952
Mine,2,2004-08-01T00:00:00.0000000,0.00593181070693427
Mine,3,2004-08-01T00:00:00.0000000,0.008344321915624455
Mine,1,2004-09-01T00:00:00.0000000,0.010874293238890368
Mine,2,2004-09-01T00:00:00.0000000,0.016623999441422982
Mine,3,2004-09-01T00:00:00.0000000,0.027901648712710083
Mine,1,2004-10-01T00:00:00.0000000,0.014850295485739236
Mine,2,2004-10-01T00:00:00.0000000,0.01723290365205905
Mine,3,2004-10-01T00:00:00.0000000,0.01464909048761907
Mine,1,2004-11-01T00:00:00.0000000,0.05563702366175999
Mine,2,2004-11-01T00:00:00.0000000,0.035868068842565104
Mine,3,2004-11-01T00:00:00.0000000,0.046554833174125176
Mine,1,2004-12-01T00:00:00.0000000,0.03321836214142452
Mine,2,2004-12-01T00:00:00.0000000,0.034771512390274886
Mine,3,2004-12-01T00:00:00.0000000,0.027055498505617365
Mine,1,2005-01-01T00:00:00.0000000,-0.03581854178712939
Mine,2,2005-01-01T00:00:00.0000000,-0.02679524651119081
Mine,3,2005-01-01T00:00:00.0000000,-0.01972572174726684
Mine,1,2005-02-01T00:00:00.0000000,0.007598697907399177
Mine,2,2005-02-01T00:00:00.0000000,0.008740159656602353
Mine,3,2005-02-01T00:00:00.0000000,0.05509055651851642
Mine,1,2005-03-01T00:00:00.0000000,-0.020516942188916948
Mine,2,2005-03-01T00:00:00.0000000,-0.015899586321945564
Mine,3,2005-03-01T00:00:00.0000000,-0.018720405902851227
Mine,1,2005-04-01T00:00:00.0000000,-0.032021161965613526
Mine,2,2005-04-01T00:00:00.0000000,-0.0170457232988812
Mine,3,2005-04-01T00:00:00.0000000,-0.04070709638903361
Mine,1,2005-05-01T00:00:00.0000000,0.032640338614285024
Mine,2,2005-05-01T00:00:00.0000000,0.03177041639672824
Mine,3,2005-05-01T00:00:00.0000000,0.044265911041739874
Mine,1,2005-06-01T00:00:00.0000000,0.0013593438852988315
Mine,2,2005-06-01T00:00:00.0000000,-9.225286568164586E-05
Mine,3,2005-06-01T00:00:00.0000000,0.023540857519535767
Mine,1,2005-07-01T00:00:00.0000000,0.04164630146783577
Mine,2,2005-07-01T00:00:00.0000000,0.03144949735516099
Mine,3,2005-07-01T00:00:00.0000000,0.05307034734107188
Mine,1,2005-08-01T00:00:00.0000000,-0.01132296402323138
Mine,2,2005-08-01T00:00:00.0000000,-0.00989954619206385
Mine,3,2005-08-01T00:00:00.0000000,-0.0008015113117189952
Mine,1,2005-09-01T00:00:00.0000000,-0.00044038614321356175
Mine,2,2005-09-01T00:00:00.0000000,0.007445881356578973
Mine,3,2005-09-01T00:00:00.0000000,0.015748184578192232
Mine,1,2005-10-01T00:00:00.0000000,-0.022035670376277256
Mine,2,2005-10-01T00:00:00.0000000,-0.013179399280305447
Mine,3,2005-10-01T00:00:00.0000000,-0.03912310573794266
Mine,1,2005-11-01T00:00:00.0000000,0.027289300406663216
Mine,2,2005-11-01T00:00:00.0000000,0.0384670791667145
Mine,3,2005-11-01T00:00:00.0000000,0.043323680475947764
Mine,1,2005-12-01T00:00:00.0000000,0.010688961577472742
Mine,2,2005-12-01T00:00:00.0000000,-0.007289902836016909
Mine,3,2005-12-01T00:00:00.0000000,-0.0015424466266446158
Mine,1,2006-01-01T00:00:00.0000000,0.040683287365099435
Mine,2,2006-01-01T00:00:00.0000000,0.013432641683647238
Mine,3,2006-01-01T00:00:00.0000000,0.0564830404898206
Mine,1,2006-02-01T00:00:00.0000000,0.0026434696723338733
Mine,2,2006-02-01T00:00:00.0000000,0.002424611695360999
Mine,3,2006-02-01T00:00:00.0000000,-0.020106613636012637
Mine,1,2006-03-01T00:00:00.0000000,0.011572587601844818
Mine,2,2006-03-01T00:00:00.0000000,0.0112306841352358
Mine,3,2006-03-01T00:00:00.0000000,0.021072246831624827
Mine,1,2006-04-01T00:00:00.0000000,0.00844811662255101
Mine,2,2006-04-01T00:00:00.0000000,0.008852454230044392
Mine,3,2006-04-01T00:00:00.0000000,0.010413102710563019
Mine,1,2006-05-01T00:00:00.0000000,-0.03523036060875337
Mine,2,2006-05-01T00:00:00.0000000,-0.030794523319535742
Mine,3,2006-05-01T00:00:00.0000000,-0.04117454894839533
Mine,1,2006-06-01T00:00:00.0000000,-0.002666591602569623
Mine,2,2006-06-01T00:00:00.0000000,-0.007304645418584886
Mine,3,2006-06-01T00:00:00.0000000,-0.007856627905735377
Mine,1,2006-07-01T00:00:00.0000000,0.00547902215385619
Mine,2,2006-07-01T00:00:00.0000000,-0.006704430232671221
Mine,3,2006-07-01T00:00:00.0000000,-0.014000346512834893
Mine,1,2006-08-01T00:00:00.0000000,0.022341292678516193
Mine,2,2006-08-01T00:00:00.0000000,0.02023251949164469
Mine,3,2006-08-01T00:00:00.0000000,0.019114383097959615
Mine,1,2006-09-01T00:00:00.0000000,0.017799060190274853
Mine,2,2006-09-01T00:00:00.0000000,0.016623842362135374
Mine,3,2006-09-01T00:00:00.0000000,0.011435072939661244
Mine,1,2006-10-01T00:00:00.0000000,0.029149548105875903
Mine,2,2006-10-01T00:00:00.0000000,0.027501308829998523
Mine,3,2006-10-01T00:00:00.0000000,0.03703393335305623
Mine,1,2006-11-01T00:00:00.0000000,0.020299189572637252
Mine,2,2006-11-01T00:00:00.0000000,0.009130665823326702
Mine,3,2006-11-01T00:00:00.0000000,0.027921155053538423
Mine,1,2006-12-01T00:00:00.0000000,0.006734832970104359
Mine,2,2006-12-01T00:00:00.0000000,0.014500036083629014
Mine,3,2006-12-01T00:00:00.0000000,-0.0030072529005168943
Mine,1,2007-01-01T00:00:00.0000000,0.011548070673035978
Mine,2,2007-01-01T00:00:00.0000000,0.011515116603841778
Mine,3,2007-01-01T00:00:00.0000000,0.013625004642375843
Mine,1,2007-02-01T00:00:00.0000000,-0.019855384781053198
Mine,2,2007-02-01T00:00:00.0000000,-0.02031521441258719
Mine,3,2007-02-01T00:00:00.0000000,-0.010516770485324421
Mine,1,2007-03-01T00:00:00.0000000,0.00769448222444288
Mine,2,2007-03-01T00:00:00.0000000,0.006933603236544246
Mine,3,2007-03-01T00:00:00.0000000,0.01392569614797737
Mine,1,2007-04-01T00:00:00.0000000,0.042575649014947585
Mine,2,2007-04-01T00:00:00.0000000,0.03524871728728196
Mine,3,2007-04-01T00:00:00.0000000,0.036441515226474853
Mine,1,2007-05-01T00:00:00.0000000,0.02353512408363142
Mine,2,2007-05-01T00:00:00.0000000,0.03211372777001009
Mine,3,2007-05-01T00:00:00.0000000,0.0489931392689692
Mine,1,2007-06-01T00:00:00.0000000,-0.023334986774090048
Mine,2,2007-06-01T00:00:00.0000000,-0.02421456534121238
Mine,3,2007-06-01T00:00:00.0000000,-0.008676680595006519
Mine,1,2007-07-01T00:00:00.0000000,-0.04473722793048249
Mine,2,2007-07-01T00:00:00.0000000,-0.03964721583893277
Mine,3,2007-07-01T00:00:00.0000000,-0.0225654726684106
Mine,1,2007-08-01T00:00:00.0000000,0.017036388916839888
Mine,2,2007-08-01T00:00:00.0000000,0.005489841979621859
Mine,3,2007-08-01T00:00:00.0000000,0.006173188234198087
Mine,1,2007-09-01T00:00:00.0000000,0.020784963807827482
Mine,2,2007-09-01T00:00:00.0000000,0.036544387075960895
Mine,3,2007-09-01T00:00:00.0000000,0.04759248786486641
Mine,1,2007-10-01T00:00:00.0000000,0.008550708183951152
Mine,2,2007-10-01T00:00:00.0000000,0.017362440222061744
Mine,3,2007-10-01T00:00:00.0000000,0.02976658401686741
Mine,1,2007-11-01T00:00:00.0000000,-0.05271131604874607
Mine,2,2007-11-01T00:00:00.0000000,-0.04418788343325012
Mine,3,2007-11-01T00:00:00.0000000,-0.05859510147174162
Mine,1,2007-12-01T00:00:00.0000000,-0.02114446302465233
Mine,2,2007-12-01T00:00:00.0000000,-0.02034056285587779
Mine,3,2007-12-01T00:00:00.0000000,0.011977022281738699
Mine,1,2008-01-01T00:00:00.0000000,-0.03849290883282851
Mine,2,2008-01-01T00:00:00.0000000,-0.05632323451170006
Mine,3,2008-01-01T00:00:00.0000000,-0.0878526465141409
Mine,1,2008-02-01T00:00:00.0000000,-0.04495136801610584
Mine,2,2008-02-01T00:00:00.0000000,-0.03300665582758264
Mine,3,2008-02-01T00:00:00.0000000,0.0012243933893354283
Mine,1,2008-03-01T00:00:00.0000000,-0.018258729526967468
Mine,2,2008-03-01T00:00:00.0000000,0.0008336166511929235
Mine,3,2008-03-01T00:00:00.0000000,-0.01683828000828597
Mine,1,2008-04-01T00:00:00.0000000,0.01750773964622852
Mine,2,2008-04-01T00:00:00.0000000,0.04098351824946244
Mine,3,2008-04-01T00:00:00.0000000,0.07024493756073656
Mine,1,2008-05-01T00:00:00.0000000,0.002976988563748151
Mine,2,2008-05-01T00:00:00.0000000,0.007535811676778591
Mine,3,2008-05-01T00:00:00.0000000,0.039912216851866536
Mine,1,2008-06-01T00:00:00.0000000,-0.11695118775765231
Mine,2,2008-06-01T00:00:00.0000000,-0.0883375268268963
Mine,3,2008-06-01T00:00:00.0000000,-0.05909547861916108
Mine,1,2008-07-01T00:00:00.0000000,0.0359260050628504
Mine,2,2008-07-01T00:00:00.0000000,-0.011885860135360502
Mine,3,2008-07-01T00:00:00.0000000,-0.03743027163200243
Mine,1,2008-08-01T00:00:00.0000000,0.015912725926320165
Mine,2,2008-08-01T00:00:00.0000000,0.015119550380585368
Mine,3,2008-08-01T00:00:00.0000000,0.00500505863885764
Mine,1,2008-09-01T00:00:00.0000000,-0.058122004848129044
Mine,2,2008-09-01T00:00:00.0000000,-0.07911569729972115
Mine,3,2008-09-01T00:00:00.0000000,-0.1303993145372951
Mine,1,2008-10-01T00:00:00.0000000,-0.17285634437858588
Mine,2,2008-10-01T00:00:00.0000000,-0.17408054315456617
Mine,3,2008-10-01T00:00:00.0000000,-0.19517088867047774
Mine,1,2008-11-01T00:00:00.0000000,-0.09486925968798067
Mine,2,2008-11-01T00:00:00.0000000,-0.07644771193008781
Mine,3,2008-11-01T00:00:00.0000000,-0.07635374647482356
Mine,1,2008-12-01T00:00:00.0000000,-0.003241046378118818
Mine,2,2008-12-01T00:00:00.0000000,0.03127529019148971
Mine,3,2008-12-01T00:00:00.0000000,0.01918882335256573
Mine,1,2009-01-01T00:00:00.0000000,-0.11488264727043362
Mine,2,2009-01-01T00:00:00.0000000,-0.08243350508798412
Mine,3,2009-01-01T00:00:00.0000000,-0.058886862525229684
Mine,1,2009-02-01T00:00:00.0000000,-0.12425105384796888
Mine,2,2009-02-01T00:00:00.0000000,-0.09170983176954017
Mine,3,2009-02-01T00:00:00.0000000,-0.09905600819304777
Mine,1,2009-03-01T00:00:00.0000000,0.10634953906766888
Mine,2,2009-03-01T00:00:00.0000000,0.08966259782909516
Mine,3,2009-03-01T00:00:00.0000000,0.08021519734201767
Mine,1,2009-04-01T00:00:00.0000000,0.1384391002747217
Mine,2,2009-04-01T00:00:00.0000000,0.0965273750630512
Mine,3,2009-04-01T00:00:00.0000000,0.09922790886320362
Mine,1,2009-05-01T00:00:00.0000000,0.09205540227667283
Mine,2,2009-05-01T00:00:00.0000000,0.055026318762656894
Mine,3,2009-05-01T00:00:00.0000000,0.06538708030730991
Mine,1,2009-06-01T00:00:00.0000000,-0.022579094739772185
Mine,2,2009-06-01T00:00:00.0000000,0.006784222167426629
Mine,3,2009-06-01T00:00:00.0000000,-0.0020816758484556515
Mine,1,2009-07-01T00:00:00.0000000,0.10382875062257588
Mine,2,2009-07-01T00:00:00.0000000,0.08876386314104814
Mine,3,2009-07-01T00:00:00.0000000,0.07116285399858961
Mine,1,2009-08-01T00:00:00.0000000,0.0613057267059592
Mine,2,2009-08-01T00:00:00.0000000,0.031198521618703224
Mine,3,2009-08-01T00:00:00.0000000,0.01921906335624568
Mine,1,2009-09-01T00:00:00.0000000,0.03379302307320591
Mine,2,2009-09-01T00:00:00.0000000,0.04170747380262901
Mine,3,2009-09-01T00:00:00.0000000,0.047144647437752166
Mine,1,2009-10-01T00:00:00.0000000,-0.0519717017504867
Mine,2,2009-10-01T00:00:00.0000000,-0.024259942767969844
Mine,3,2009-10-01T00:00:00.0000000,-0.018947133177806646
Mine,1,2009-11-01T00:00:00.0000000,0.04711573655683312
Mine,2,2009-11-01T00:00:00.0000000,0.05878407382176852
Mine,3,2009-11-01T00:00:00.0000000,0.060769176509457165
Mine,1,2009-12-01T00:00:00.0000000,0.03259433030291129
Mine,2,2009-12-01T00:00:00.0000000,0.028351709732712435
Mine,3,2009-12-01T00:00:00.0000000,0.023675550525927284
Mine,1,2010-01-01T00:00:00.0000000,-0.02441248885129082
Mine,2,2010-01-01T00:00:00.0000000,-0.04596998626562104
Mine,3,2010-01-01T00:00:00.0000000,-0.03875400542793129
Mine,1,2010-02-01T00:00:00.0000000,0.04093851006802651
Mine,2,2010-02-01T00:00:00.0000000,0.031002246400474907
Mine,3,2010-02-01T00:00:00.0000000,0.03265120675808776
Mine,1,2010-03-01T00:00:00.0000000,0.0724219253482971
Mine,2,2010-03-01T00:00:00.0000000,0.064423695482831
Mine,3,2010-03-01T00:00:00.0000000,0.058463742172954754
Mine,1,2010-04-01T00:00:00.0000000,0.03720016424088887
Mine,2,2010-04-01T00:00:00.0000000,0.013312786168664988
Mine,3,2010-04-01T00:00:00.0000000,0.014120315734888773
Mine,1,2010-05-01T00:00:00.0000000,-0.08841293939368028
Mine,2,2010-05-01T00:00:00.0000000,-0.07979920356641064
Mine,3,2010-05-01T00:00:00.0000000,-0.07610371258691909
Mine,1,2010-06-01T00:00:00.0000000,-0.06591976824627153
Mine,2,2010-06-01T00:00:00.0000000,-0.05812459549097055
Mine,3,2010-06-01T00:00:00.0000000,-0.045309744677701366
Mine,1,2010-07-01T00:00:00.0000000,0.06306878020415044
Mine,2,2010-07-01T00:00:00.0000000,0.07925047254911806
Mine,3,2010-07-01T00:00:00.0000000,0.06889264440892387
Mine,1,2010-08-01T00:00:00.0000000,-0.05003908741254413
Mine,2,2010-08-01T00:00:00.0000000,-0.047088685607766946
Mine,3,2010-08-01T00:00:00.0000000,-0.041712930097001756
Mine,1,2010-09-01T00:00:00.0000000,0.09153431429466577
Mine,2,2010-09-01T00:00:00.0000000,0.09878550696470378
Mine,3,2010-09-01T00:00:00.0000000,0.09191715463760158
Mine,1,2010-10-01T00:00:00.0000000,0.03899369472243808
Mine,2,2010-10-01T00:00:00.0000000,0.03253094170908896
Mine,3,2010-10-01T00:00:00.0000000,0.045516598097153554
Mine,1,2010-11-01T00:00:00.0000000,0.001636465671794959
Mine,2,2010-11-01T00:00:00.0000000,0.010156639108060063
Mine,3,2010-11-01T00:00:00.0000000,0.004295811715249188
Mine,1,2010-12-01T00:00:00.0000000,0.08875768432507099
Mine,2,2010-12-01T00:00:00.0000000,0.07080199206280698
Mine,3,2010-12-01T00:00:00.0000000,0.05308703193999945
Mine,1,2011-01-01T00:00:00.0000000,0.019358586487325056
Mine,2,2011-01-01T00:00:00.0000000,0.019703622790716382
Mine,3,2011-01-01T00:00:00.0000000,0.022454920872535245
Mine,1,2011-02-01T00:00:00.0000000,0.03353929537742768
Mine,2,2011-02-01T00:00:00.0000000,0.04141866459908846
Mine,3,2011-02-01T00:00:00.0000000,0.035510168315051896
Mine,1,2011-03-01T00:00:00.0000000,0.003733726827433077
Mine,2,2011-03-01T00:00:00.0000000,0.003114989498752368
Mine,3,2011-03-01T00:00:00.0000000,0.002468477630211712
Mine,1,2011-04-01T00:00:00.0000000,0.031140584842511622
Mine,2,2011-04-01T00:00:00.0000000,0.026680482379892186
Mine,3,2011-04-01T00:00:00.0000000,0.025974373184995632
Mine,1,2011-05-01T00:00:00.0000000,-0.02678226549503511
Mine,2,2011-05-01T00:00:00.0000000,-0.01459889466894276
Mine,3,2011-05-01T00:00:00.0000000,-0.004701741823239716
Mine,1,2011-06-01T00:00:00.0000000,-0.02161757626082397
Mine,2,2011-06-01T00:00:00.0000000,-0.015335018853084753
Mine,3,2011-06-01T00:00:00.0000000,-0.018402350527925562
Mine,1,2011-07-01T00:00:00.0000000,-0.02811274629206714
Mine,2,2011-07-01T00:00:00.0000000,-0.03188832081537669
Mine,3,2011-07-01T00:00:00.0000000,-0.013714769173245997
Mine,1,2011-08-01T00:00:00.0000000,-0.07697030058312898
Mine,2,2011-08-01T00:00:00.0000000,-0.06257672296221987
Mine,3,2011-08-01T00:00:00.0000000,-0.043163376726456044
Mine,1,2011-09-01T00:00:00.0000000,-0.10619877448724181
Mine,2,2011-09-01T00:00:00.0000000,-0.07483611216232837
Mine,3,2011-09-01T00:00:00.0000000,-0.07456367614866523
Mine,1,2011-10-01T00:00:00.0000000,0.12415107827857
Mine,2,2011-10-01T00:00:00.0000000,0.11540173999683802
Mine,3,2011-10-01T00:00:00.0000000,0.10836584549412172
Mine,1,2011-11-01T00:00:00.0000000,0.0015961074166651113
Mine,2,2011-11-01T00:00:00.0000000,-0.006809226726779063
Mine,3,2011-11-01T00:00:00.0000000,-0.008975207641179326
Mine,1,2011-12-01T00:00:00.0000000,-0.002979111739859703
Mine,2,2011-12-01T00:00:00.0000000,0.0052846471903661985
Mine,3,2011-12-01T00:00:00.0000000,0.004908045436252926
Mine,1,2012-01-01T00:00:00.0000000,0.05578957692620078
Mine,2,2012-01-01T00:00:00.0000000,0.045029459062641955
Mine,3,2012-01-01T00:00:00.0000000,0.060016669702728564
Mine,1,2012-02-01T00:00:00.0000000,0.03639292542500955
Mine,2,2012-02-01T00:00:00.0000000,0.041712787476554276
Mine,3,2012-02-01T00:00:00.0000000,0.05136575619516194
Mine,1,2012-03-01T00:00:00.0000000,0.012248776071239276
Mine,2,2012-03-01T00:00:00.0000000,0.026592885096562702
Mine,3,2012-03-01T00:00:00.0000000,0.03562342764548855
Mine,1,2012-04-01T00:00:00.0000000,-0.007264479996049167
Mine,2,2012-04-01T00:00:00.0000000,-0.006464379835579557
Mine,3,2012-04-01T00:00:00.0000000,-0.00928416384146595
Mine,1,2012-05-01T00:00:00.0000000,-0.08520401790864963
Mine,2,2012-05-01T00:00:00.0000000,-0.05177971442864993
Mine,3,2012-05-01T00:00:00.0000000,-0.06733964745277915
Mine,1,2012-06-01T00:00:00.0000000,0.041928285076394976
Mine,2,2012-06-01T00:00:00.0000000,0.039563598595958455
Mine,3,2012-06-01T00:00:00.0000000,0.031224437308302273
Mine,1,2012-07-01T00:00:00.0000000,0.01079143760313799
Mine,2,2012-07-01T00:00:00.0000000,0.00859671416059021
Mine,3,2012-07-01T00:00:00.0000000,0.010601287425506402
Mine,1,2012-08-01T00:00:00.0000000,0.023129423504636194
Mine,2,2012-08-01T00:00:00.0000000,0.026551694966889146
Mine,3,2012-08-01T00:00:00.0000000,0.032702092633299235
Mine,1,2012-09-01T00:00:00.0000000,0.02303462882330691
Mine,2,2012-09-01T00:00:00.0000000,0.030550627156258593
Mine,3,2012-09-01T00:00:00.0000000,0.024537010647514224
Mine,1,2012-10-01T00:00:00.0000000,-0.009414596670951578
Mine,2,2012-10-01T00:00:00.0000000,-0.011330113199887857
Mine,3,2012-10-01T00:00:00.0000000,-0.02610677651052001
Mine,1,2012-11-01T00:00:00.0000000,0.007976048063375788
Mine,2,2012-11-01T00:00:00.0000000,0.00792457634455464
Mine,3,2012-11-01T00:00:00.0000000,0.0026969312655058834
Mine,1,2012-12-01T00:00:00.0000000,0.010716031684047729
Mine,2,2012-12-01T00:00:00.0000000,0.021903117730662364
Mine,3,2012-12-01T00:00:00.0000000,-0.00021039459882305517
Mine,1,2013-01-01T00:00:00.0000000,0.06515178738928187
Mine,2,2013-01-01T00:00:00.0000000,0.057319507638485756
Mine,3,2013-01-01T00:00:00.0000000,0.036292282586335475
Mine,1,2013-02-01T00:00:00.0000000,0.009078613258017934
Mine,2,2013-02-01T00:00:00.0000000,0.012202462430532334
Mine,3,2013-02-01T00:00:00.0000000,0.00238246778462468
Mine,1,2013-03-01T00:00:00.0000000,0.03582763271650853
Mine,2,2013-03-01T00:00:00.0000000,0.03490236177113452
Mine,3,2013-03-01T00:00:00.0000000,0.04127841700546617
Mine,1,2013-04-01T00:00:00.0000000,0.01349643454534965
Mine,2,2013-04-01T00:00:00.0000000,0.014809843117485696
Mine,3,2013-04-01T00:00:00.0000000,0.013766477405369787
Mine,1,2013-05-01T00:00:00.0000000,0.02758570463141718
Mine,2,2013-05-01T00:00:00.0000000,0.01892939664482295
Mine,3,2013-05-01T00:00:00.0000000,0.02698453713953727
Mine,1,2013-06-01T00:00:00.0000000,-0.010044753637596127
Mine,2,2013-06-01T00:00:00.0000000,-0.012613902706590742
Mine,3,2013-06-01T00:00:00.0000000,-0.025032666853332396
Mine,1,2013-07-01T00:00:00.0000000,0.05366271308629121
Mine,2,2013-07-01T00:00:00.0000000,0.0530493561267643
Mine,3,2013-07-01T00:00:00.0000000,0.060835752926223965
Mine,1,2013-08-01T00:00:00.0000000,-0.025520280683607184
Mine,2,2013-08-01T00:00:00.0000000,-0.029443505819509906
Mine,3,2013-08-01T00:00:00.0000000,-0.022471187334182633
Mine,1,2013-09-01T00:00:00.0000000,0.035948892840624046
Mine,2,2013-09-01T00:00:00.0000000,0.03367923277465239
Mine,3,2013-09-01T00:00:00.0000000,0.04214222687050153
Mine,1,2013-10-01T00:00:00.0000000,0.04868275808729272
Mine,2,2013-10-01T00:00:00.0000000,0.04168326541250964
Mine,3,2013-10-01T00:00:00.0000000,0.03472329539548581
Mine,1,2013-11-01T00:00:00.0000000,0.028454851487594586
Mine,2,2013-11-01T00:00:00.0000000,0.021746839064431513
Mine,3,2013-11-01T00:00:00.0000000,0.0409204171505822
Mine,1,2013-12-01T00:00:00.0000000,0.024777454630568914
Mine,2,2013-12-01T00:00:00.0000000,0.02916256461890062
Mine,3,2013-12-01T00:00:00.0000000,0.020836858172140343
Mine,1,2014-01-01T00:00:00.0000000,-0.027201190790609567
Mine,2,2014-01-01T00:00:00.0000000,-0.04123512581696206
Mine,3,2014-01-01T00:00:00.0000000,-0.03455707895747069
Mine,1,2014-02-01T00:00:00.0000000,0.04807718296581867
Mine,2,2014-02-01T00:00:00.0000000,0.03936210862311743
Mine,3,2014-02-01T00:00:00.0000000,0.05403168699034233
Mine,1,2014-03-01T00:00:00.0000000,0.006141139536124327
Mine,2,2014-03-01T00:00:00.0000000,0.012140479650285845
Mine,3,2014-03-01T00:00:00.0000000,0.0016823121435392949
Mine,1,2014-04-01T00:00:00.0000000,0.006439222506615684
Mine,2,2014-04-01T00:00:00.0000000,0.0012112517167335549
Mine,3,2014-04-01T00:00:00.0000000,-0.0029509586474347213
Mine,1,2014-05-01T00:00:00.0000000,0.012505798834437299
Mine,2,2014-05-01T00:00:00.0000000,0.02630278398585334
Mine,3,2014-05-01T00:00:00.0000000,0.02291345942513903
Mine,1,2014-06-01T00:00:00.0000000,0.02773342376831309
Mine,2,2014-06-01T00:00:00.0000000,0.02491925359866131
Mine,3,2014-06-01T00:00:00.0000000,0.028778200273440267
Mine,1,2014-07-01T00:00:00.0000000,-0.025242841534622973
Mine,2,2014-07-01T00:00:00.0000000,-0.014735004646406532
Mine,3,2014-07-01T00:00:00.0000000,-0.021043801856885765
Mine,1,2014-08-01T00:00:00.0000000,0.03779191678597643
Mine,2,2014-08-01T00:00:00.0000000,0.03604152831234294
Mine,3,2014-08-01T00:00:00.0000000,0.047620880211308884
Mine,1,2014-09-01T00:00:00.0000000,-0.025806574305666338
Mine,2,2014-09-01T00:00:00.0000000,-0.025691287229373007
Mine,3,2014-09-01T00:00:00.0000000,-0.02150372192084904
Mine,1,2014-10-01T00:00:00.0000000,0.008730096955606323
Mine,2,2014-10-01T00:00:00.0000000,0.029447322030401665
Mine,3,2014-10-01T00:00:00.0000000,0.030221836347951652
Mine,1,2014-11-01T00:00:00.0000000,0.01217735384282633
Mine,2,2014-11-01T00:00:00.0000000,0.03211187109652067
Mine,3,2014-11-01T00:00:00.0000000,0.02775872514941944
Mine,1,2014-12-01T00:00:00.0000000,-0.008247210703905803
Mine,2,2014-12-01T00:00:00.0000000,-0.0021171019689946577
Mine,3,2014-12-01T00:00:00.0000000,0.00455942786097995
Mine,1,2015-01-01T00:00:00.0000000,-0.023794561885253668
Mine,2,2015-01-01T00:00:00.0000000,-0.04160642657041799
Mine,3,2015-01-01T00:00:00.0000000,-0.03257325103464201
Mine,1,2015-02-01T00:00:00.0000000,0.05701405335910453
Mine,2,2015-02-01T00:00:00.0000000,0.05972568982860508
Mine,3,2015-02-01T00:00:00.0000000,0.06548755335484129
Mine,1,2015-03-01T00:00:00.0000000,-0.013117049559244916
Mine,2,2015-03-01T00:00:00.0000000,-0.010561123150661794
Mine,3,2015-03-01T00:00:00.0000000,-0.014667199683044614
Mine,1,2015-04-01T00:00:00.0000000,0.018216483547276938
Mine,2,2015-04-01T00:00:00.0000000,0.00864998664043804
Mine,3,2015-04-01T00:00:00.0000000,0.007467475052149326
Mine,1,2015-05-01T00:00:00.0000000,0.009423410587301489
Mine,2,2015-05-01T00:00:00.0000000,0.009649014170512693
Mine,3,2015-05-01T00:00:00.0000000,0.015016284689194427
Mine,1,2015-06-01T00:00:00.0000000,-0.018535228088275492
Mine,2,2015-06-01T00:00:00.0000000,-0.020820532903283246
Mine,3,2015-06-01T00:00:00.0000000,-0.013826635609519213
Mine,1,2015-07-01T00:00:00.0000000,0.021953550724295442
Mine,2,2015-07-01T00:00:00.0000000,0.008492303158201086
Mine,3,2015-07-01T00:00:00.0000000,0.003788364763691874
Mine,1,2015-08-01T00:00:00.0000000,-0.05341390881745137
Mine,2,2015-08-01T00:00:00.0000000,-0.06195978138606129
Mine,3,2015-08-01T00:00:00.0000000,-0.06246546988848709
Mine,1,2015-09-01T00:00:00.0000000,-0.038627910379270027
Mine,2,2015-09-01T00:00:00.0000000,-0.026898803576021202
Mine,3,2015-09-01T00:00:00.0000000,-0.031341048364590327
Mine,1,2015-10-01T00:00:00.0000000,0.0830515866475141
Mine,2,2015-10-01T00:00:00.0000000,0.06992287170998036
Mine,3,2015-10-01T00:00:00.0000000,0.07585363552072541
Mine,1,2015-11-01T00:00:00.0000000,0.006843682624613545
Mine,2,2015-11-01T00:00:00.0000000,-0.0004543136932529659
Mine,3,2015-11-01T00:00:00.0000000,0.007732663954757085
Mine,1,2015-12-01T00:00:00.0000000,-0.012252746122732746
Mine,2,2015-12-01T00:00:00.0000000,-0.030640600053697745
Mine,3,2015-12-01T00:00:00.0000000,-0.028862877009716386
Mine,1,2016-01-01T00:00:00.0000000,-0.045724046911370976
Mine,2,2016-01-01T00:00:00.0000000,-0.057499379833221884
Mine,3,2016-01-01T00:00:00.0000000,-0.07394235197220267
Mine,1,2016-02-01T00:00:00.0000000,2.2066814714501566E-05
Mine,2,2016-02-01T00:00:00.0000000,0.005352876922543824
Mine,3,2016-02-01T00:00:00.0000000,0.001134489132583086
Mine,1,2016-03-01T00:00:00.0000000,0.06978391197278627
Mine,2,2016-03-01T00:00:00.0000000,0.06998855199893389
Mine,3,2016-03-01T00:00:00.0000000,0.0697230431935874
Mine,1,2016-04-01T00:00:00.0000000,0.013327750743278206
Mine,2,2016-04-01T00:00:00.0000000,0.018915134719183078
Mine,3,2016-04-01T00:00:00.0000000,-0.0014816628639923745
Mine,1,2016-05-01T00:00:00.0000000,0.011547907256008525
Mine,2,2016-05-01T00:00:00.0000000,0.019848610961866124
Mine,3,2016-05-01T00:00:00.0000000,0.007691440627242397
Mine,1,2016-06-01T00:00:00.0000000,0.021349865132303986
Mine,2,2016-06-01T00:00:00.0000000,-0.007651005698965237
Mine,3,2016-06-01T00:00:00.0000000,-0.01324665518886483
Mine,1,2016-07-01T00:00:00.0000000,0.030419710892887166
Mine,2,2016-07-01T00:00:00.0000000,0.042905589891777396
Mine,3,2016-07-01T00:00:00.0000000,0.04073327754538819
Mine,1,2016-08-01T00:00:00.0000000,-0.004563062817824479
Mine,2,2016-08-01T00:00:00.0000000,0.009368838318237902
Mine,3,2016-08-01T00:00:00.0000000,0.0026719418052885526
Mine,1,2016-09-01T00:00:00.0000000,0.006193963251642912
Mine,2,2016-09-01T00:00:00.0000000,0.004217349700218454
Mine,3,2016-09-01T00:00:00.0000000,-0.0037810696392451756
Mine,1,2016-10-01T00:00:00.0000000,-0.0245905469408002
Mine,2,2016-10-01T00:00:00.0000000,-0.01528674945944533
Mine,3,2016-10-01T00:00:00.0000000,-0.02043075658294244
Mine,1,2016-11-01T00:00:00.0000000,0.03151054929520915
Mine,2,2016-11-01T00:00:00.0000000,0.05096452244745296
Mine,3,2016-11-01T00:00:00.0000000,0.05655204580726111
Mine,1,2016-12-01T00:00:00.0000000,0.01585239794522579
Mine,2,2016-12-01T00:00:00.0000000,0.018137785223244347
Mine,3,2016-12-01T00:00:00.0000000,0.02002707292880788
Mine,1,2017-01-01T00:00:00.0000000,0.022935459061476947
Mine,2,2017-01-01T00:00:00.0000000,0.021910758304473917
Mine,3,2017-01-01T00:00:00.0000000,0.019258569756487227
Mine,1,2017-02-01T00:00:00.0000000,0.026057305984711558
Mine,2,2017-02-01T00:00:00.0000000,0.04075345901154197
Mine,3,2017-02-01T00:00:00.0000000,0.031500479985764614
Mine,1,2017-03-01T00:00:00.0000000,0.010655766299078547
Mine,2,2017-03-01T00:00:00.0000000,-0.007043792173021667
Mine,3,2017-03-01T00:00:00.0000000,0.004736104774989019
Mine,1,2017-04-01T00:00:00.0000000,0.0018259573058789758
Mine,2,2017-04-01T00:00:00.0000000,0.009411687165990331
Mine,3,2017-04-01T00:00:00.0000000,0.015102744134381093
Mine,1,2017-05-01T00:00:00.0000000,0.010076839707622989
Mine,2,2017-05-01T00:00:00.0000000,0.005778521097652879
Mine,3,2017-05-01T00:00:00.0000000,0.013209569002097889
Mine,1,2017-06-01T00:00:00.0000000,0.0010132086159348437
Mine,2,2017-06-01T00:00:00.0000000,0.016310228370991768
Mine,3,2017-06-01T00:00:00.0000000,0.011169581988638494
Mine,1,2017-07-01T00:00:00.0000000,0.021783116532970957
Mine,2,2017-07-01T00:00:00.0000000,0.023637706133493898
Mine,3,2017-07-01T00:00:00.0000000,0.01197956198063859
Mine,1,2017-08-01T00:00:00.0000000,0.003257145655177324
Mine,2,2017-08-01T00:00:00.0000000,-0.002166001148456029
Mine,3,2017-08-01T00:00:00.0000000,0.0007562088474031613
Mine,1,2017-09-01T00:00:00.0000000,0.022443541069111037
Mine,2,2017-09-01T00:00:00.0000000,0.02810266702309409
Mine,3,2017-09-01T00:00:00.0000000,0.023601274863694937
Mine,1,2017-10-01T00:00:00.0000000,0.02865928653240518
Mine,2,2017-10-01T00:00:00.0000000,0.010149679307563638
Mine,3,2017-10-01T00:00:00.0000000,0.025361859725428725
Mine,1,2017-11-01T00:00:00.0000000,0.017718197441478657
Mine,2,2017-11-01T00:00:00.0000000,0.03513889538788845
Mine,3,2017-11-01T00:00:00.0000000,0.03241572747408505
Mine,1,2017-12-01T00:00:00.0000000,0.009553796920721782
Mine,2,2017-12-01T00:00:00.0000000,0.012964658671263387
Mine,3,2017-12-01T00:00:00.0000000,0.008626675527432029
Mine,1,2018-01-01T00:00:00.0000000,0.045029375865173055
Mine,2,2018-01-01T00:00:00.0000000,0.046887574357379676
Mine,3,2018-01-01T00:00:00.0000000,0.06789920697927233
Mine,1,2018-02-01T00:00:00.0000000,-0.037937033796197804
Mine,2,2018-02-01T00:00:00.0000000,-0.04771932098694514
Mine,3,2018-02-01T00:00:00.0000000,-0.031278076604084826
Mine,1,2018-03-01T00:00:00.0000000,-0.01871730901341967
Mine,2,2018-03-01T00:00:00.0000000,-0.018754781823873485
Mine,3,2018-03-01T00:00:00.0000000,-0.027699970938163128
Mine,1,2018-04-01T00:00:00.0000000,0.013624494276311466
Mine,2,2018-04-01T00:00:00.0000000,-0.0015321860964445748
Mine,3,2018-04-01T00:00:00.0000000,0.00014482442792965113
Mine,1,2018-05-01T00:00:00.0000000,0.03332750683346534
Mine,2,2018-05-01T00:00:00.0000000,0.009150798248300281
Mine,3,2018-05-01T00:00:00.0000000,0.0341189389113201
Mine,1,2018-06-01T00:00:00.0000000,-0.003945347462023997
Mine,2,2018-06-01T00:00:00.0000000,0.012457002055288257
Mine,3,2018-06-01T00:00:00.0000000,-0.0010592999108752132
Mine,1,2018-07-01T00:00:00.0000000,0.03232125009166281
Mine,2,2018-07-01T00:00:00.0000000,0.03508141923342171
Mine,3,2018-07-01T00:00:00.0000000,0.027301343726859082
Mine,1,2018-08-01T00:00:00.0000000,0.037188184537925446
Mine,2,2018-08-01T00:00:00.0000000,0.019705650847786218
Mine,3,2018-08-01T00:00:00.0000000,0.034908613109020256
Mine,1,2018-09-01T00:00:00.0000000,0.008764227817621605
Mine,2,2018-09-01T00:00:00.0000000,-0.003896934641610342
Mine,3,2018-09-01T00:00:00.0000000,-0.002124691327220163
Mine,1,2018-10-01T00:00:00.0000000,-0.07657945767568569
Mine,2,2018-10-01T00:00:00.0000000,-0.060994084189735044
Mine,3,2018-10-01T00:00:00.0000000,-0.0960987445758731
Mine,1,2018-11-01T00:00:00.0000000,0.02820041938161189
Mine,2,2018-11-01T00:00:00.0000000,0.008043976048564794
Mine,3,2018-11-01T00:00:00.0000000,0.017954055400197566
Mine,1,2018-12-01T00:00:00.0000000,-0.102919877390578
Mine,2,2018-12-01T00:00:00.0000000,-0.09091034070750346
Mine,3,2018-12-01T00:00:00.0000000,-0.09291569768520107
Mine,1,2019-01-01T00:00:00.0000000,0.07273402089187059
Mine,2,2019-01-01T00:00:00.0000000,0.07987708607959759
Mine,3,2019-01-01T00:00:00.0000000,0.10172874003484311
Mine,1,2019-02-01T00:00:00.0000000,0.04450180171334429
Mine,2,2019-02-01T00:00:00.0000000,0.028985650199652668
Mine,3,2019-02-01T00:00:00.0000000,0.03072125922481934
Mine,1,2019-03-01T00:00:00.0000000,0.014990339965938229
Mine,2,2019-03-01T00:00:00.0000000,0.002444192206188687
Mine,3,2019-03-01T00:00:00.0000000,0.014332292829911825
Mine,1,2019-04-01T00:00:00.0000000,0.03228473186669994
Mine,2,2019-04-01T00:00:00.0000000,0.03468721699815536
Mine,3,2019-04-01T00:00:00.0000000,0.04982453961339887
Mine,1,2019-05-01T00:00:00.0000000,-0.07406237005201524
Mine,2,2019-05-01T00:00:00.0000000,-0.06528363841986172
Mine,3,2019-05-01T00:00:00.0000000,-0.0658557430478831
Mine,1,2019-06-01T00:00:00.0000000,0.0711810138713537
Mine,2,2019-06-01T00:00:00.0000000,0.07203709705928196
Mine,3,2019-06-01T00:00:00.0000000,0.06852539718812452
Mine,1,2019-07-01T00:00:00.0000000,0.008509883349061335
Mine,2,2019-07-01T00:00:00.0000000,0.009040267784458626
Mine,3,2019-07-01T00:00:00.0000000,0.011516853792488973
Mine,1,2019-08-01T00:00:00.0000000,-0.0413542270943976
Mine,2,2019-08-01T00:00:00.0000000,-0.021517877236138055
Mine,3,2019-08-01T00:00:00.0000000,-0.01549746029124565
Mine,1,2019-09-01T00:00:00.0000000,0.03153217054140635
Mine,2,2019-09-01T00:00:00.0000000,0.024227297537891306
Mine,3,2019-09-01T00:00:00.0000000,0.00022061404278809734
Mine,1,2019-10-01T00:00:00.0000000,0.0005002673559955247
Mine,2,2019-10-01T00:00:00.0000000,0.027553327468735792
Mine,3,2019-10-01T00:00:00.0000000,0.018371375211763477
Mine,1,2019-11-01T00:00:00.0000000,0.03237198852180126
Mine,2,2019-11-01T00:00:00.0000000,0.04409599262086627
Mine,3,2019-11-01T00:00:00.0000000,0.033098343364122144
Mine,1,2019-12-01T00:00:00.0000000,0.021944981135333413
Mine,2,2019-12-01T00:00:00.0000000,0.03241512812060453
Mine,3,2019-12-01T00:00:00.0000000,0.02555600498804079
Mine,1,2020-01-01T00:00:00.0000000,-0.03131696919806658
Mine,2,2020-01-01T00:00:00.0000000,-0.0013414909239984887
Mine,3,2020-01-01T00:00:00.0000000,0.005668920737669
Mine,1,2020-02-01T00:00:00.0000000,-0.08882293593361705
Mine,2,2020-02-01T00:00:00.0000000,-0.09009603968542942
Mine,3,2020-02-01T00:00:00.0000000,-0.07301936508894136
Mine,1,2020-03-01T00:00:00.0000000,-0.1819322489370901
Mine,2,2020-03-01T00:00:00.0000000,-0.1407983032115353
Mine,3,2020-03-01T00:00:00.0000000,-0.11427050626608683
Mine,1,2020-04-01T00:00:00.0000000,0.1270084489414586
Mine,2,2020-04-01T00:00:00.0000000,0.11341941861499179
Mine,3,2020-04-01T00:00:00.0000000,0.1519392817553438
Mine,1,2020-05-01T00:00:00.0000000,0.04692701401720438
Mine,2,2020-05-01T00:00:00.0000000,0.05063234866879346
Mine,3,2020-05-01T00:00:00.0000000,0.0564744640334856
Mine,1,2020-06-01T00:00:00.0000000,0.009980983708668683
Mine,2,2020-06-01T00:00:00.0000000,0.021591184383241275
Mine,3,2020-06-01T00:00:00.0000000,0.03564876955438155
Mine,1,2020-07-01T00:00:00.0000000,0.040264912493749576
Mine,2,2020-07-01T00:00:00.0000000,0.05854673404734052
Mine,3,2020-07-01T00:00:00.0000000,0.06543096960865281
Mine,1,2020-08-01T00:00:00.0000000,0.05140677550749583
Mine,2,2020-08-01T00:00:00.0000000,0.06930275827974036
Mine,3,2020-08-01T00:00:00.0000000,0.08533276993198538
Mine,1,2020-09-01T00:00:00.0000000,-0.0327241618399735
Mine,2,2020-09-01T00:00:00.0000000,-0.03621844480592379
Mine,3,2020-09-01T00:00:00.0000000,-0.04124031153707895
Mine,1,2020-10-01T00:00:00.0000000,-0.02148805742415226
Mine,2,2020-10-01T00:00:00.0000000,-0.019302677894474877
Mine,3,2020-10-01T00:00:00.0000000,-0.026229175982030006
Mine,1,2020-11-01T00:00:00.0000000,0.1827431550291515
Mine,2,2020-11-01T00:00:00.0000000,0.12231442304567185
Mine,3,2020-11-01T00:00:00.0000000,0.10079960296725536
Mine,1,2020-12-01T00:00:00.0000000,0.06205149835404453
Mine,2,2020-12-01T00:00:00.0000000,0.044754004306179346
Mine,3,2020-12-01T00:00:00.0000000,0.04265494370545198
